entry_time,exit_time,side,contracts,entry,exit,net_ntd,fees_ntd,slippage_ntd,reason,gap_observations
2023-12-29T15:00:00.000000000,2024-01-02T11:45:00.000000000,1,5,17872.0,17766.0,-26928.19,428.19000000000005,500.0,signal_exit,13
2024-01-02T16:00:00.000000000,2024-01-02T19:00:00.000000000,1,5,17803.0,17780.0,-6177.915,427.915,500.0,signal_exit,0
2024-01-04T02:00:00.000000000,2024-01-06T01:00:00.000000000,-1,5,17570.0,17571.0,-675.705,425.705,500.0,signal_exit,0
2024-01-08T08:45:00.000000000,2024-01-08T10:45:00.000000000,-1,5,17571.0,17607.0,-9425.89,425.89,500.0,signal_exit,0
2024-01-09T15:00:00.000000000,2024-01-11T12:45:00.000000000,-1,5,17543.0,17588.0,-11675.655,425.655,500.0,signal_exit,0
2024-01-11T23:00:00.000000000,2024-01-12T11:45:00.000000000,-1,5,17503.0,17545.0,-10925.24,425.24,500.0,signal_exit,0
2024-01-12T15:00:00.000000000,2024-01-15T10:45:00.000000000,-1,5,17486.0,17597.0,-28175.415,425.415,500.0,signal_exit,0
2024-01-16T10:45:00.000000000,2024-01-16T13:35:00.000000000,-1,5,17389.0,17348.0,9826.315,423.68500000000006,500.0,roll_blackout,0
2024-01-18T08:45:00.000000000,2024-01-18T19:00:00.000000000,-1,5,17239.0,17407.0,-42423.23,423.23,500.0,signal_exit,0
2024-01-19T12:45:00.000000000,2024-01-30T17:00:00.000000000,1,5,17672.0,18046.0,93071.41,428.59,500.0,signal_exit,0
2024-02-02T03:00:00.000000000,2024-02-20T13:35:00.000000000,1,5,18032.0,18746.0,178066.11,433.89,500.0,roll_blackout,0
2024-02-22T10:45:00.000000000,2024-02-27T11:45:00.000000000,1,5,18797.0,18832.0,8311.855,438.145,500.0,signal_exit,0
2024-02-29T15:00:00.000000000,2024-03-11T11:45:00.000000000,1,5,18962.0,19739.0,193806.495,443.505,500.0,signal_exit,0
2024-03-12T10:45:00.000000000,2024-03-14T23:00:00.000000000,1,5,19848.0,19877.0,6801.375,448.625,500.0,signal_exit,0
2024-03-18T19:00:00.000000000,2024-03-19T13:35:00.000000000,1,5,19936.0,19864.0,-18449.0,449.0,500.0,roll_blackout,0
2024-03-21T10:45:00.000000000,2024-03-26T12:45:00.000000000,1,5,20180.0,20187.0,1298.165,451.835,500.0,signal_exit,0
2024-03-27T12:45:00.000000000,2024-03-28T00:00:00.000000000,1,5,20274.0,20199.0,-19202.365,452.365,500.0,signal_exit,0
2024-03-28T08:45:00.000000000,2024-03-28T12:45:00.000000000,1,5,20239.0,20212.0,-7202.255,452.255,500.0,signal_exit,0
2024-03-29T00:00:00.000000000,2024-04-03T10:45:00.000000000,1,5,20241.0,20358.0,28797.004999999997,452.995,500.0,signal_exit,0
2024-04-03T12:45:00.000000000,2024-04-03T16:00:00.000000000,1,5,20380.0,20357.0,-6203.6849999999995,453.685,500.0,signal_exit,0
2024-04-04T00:00:00.000000000,2024-04-11T18:00:00.000000000,1,5,20461.0,20699.0,59044.2,455.8,500.0,signal_exit,0
2024-04-12T08:45:00.000000000,2024-04-12T16:00:00.000000000,1,5,20746.0,20746.0,-457.46,457.46,500.0,signal_exit,0
2024-04-16T10:45:00.000000000,2024-04-16T13:35:00.000000000,-1,5,19952.0,19929.0,5300.594999999999,449.405,500.0,roll_blackout,0
2024-04-18T08:45:00.000000000,2024-04-18T11:45:00.000000000,-1,5,20069.0,20260.0,-48201.645,451.645,500.0,signal_exit,0
2024-04-18T22:00:00.000000000,2024-04-19T00:00:00.000000000,-1,5,19986.0,20063.0,-19700.245,450.245,500.0,signal_exit,0
2024-04-19T02:00:00.000000000,2024-04-23T19:00:00.000000000,-1,5,19967.0,19757.0,52051.38,448.62,500.0,signal_exit,0
2024-04-25T22:00:00.000000000,2024-04-26T01:00:00.000000000,-1,5,19779.0,19977.0,-49948.78,448.78,500.0,signal_exit,0
2024-04-29T16:00:00.000000000,2024-05-02T08:45:00.000000000,1,5,20535.0,20249.0,-71953.92,453.92,500.0,signal_exit,0
2024-05-03T03:00:00.000000000,2024-05-03T11:45:00.000000000,1,5,20488.0,20426.0,-15954.57,454.57,500.0,signal_exit,0
2024-05-03T22:00:00.000000000,2024-05-09T16:00:00.000000000,1,5,20568.0,20600.0,7544.16,455.84,500.0,signal_exit,0
2024-05-10T03:00:00.000000000,2024-05-14T13:35:00.000000000,1,5,20709.0,20998.0,71791.465,458.535,500.0,roll_blackout,0
2024-05-16T08:45:00.000000000,2024-05-20T12:45:00.000000000,1,4,21466.0,21249.0,-43770.86,370.86,400.0,signal_exit,0
2024-05-21T08:45:00.000000000,2024-05-21T10:45:00.000000000,1,4,21325.0,21259.0,-13570.336,370.336,400.0,signal_exit,0
2024-05-22T10:45:00.000000000,2024-05-24T03:00:00.000000000,1,4,21522.0,21403.0,-24171.7,371.7000000000001,400.0,signal_exit,0
2024-05-24T10:45:00.000000000,2024-05-29T12:45:00.000000000,1,4,21534.0,21752.0,43226.856,373.144,400.0,signal_exit,0
2024-05-31T15:00:00.000000000,2024-06-03T10:45:00.000000000,-1,4,21286.0,21671.0,-77371.828,371.828,400.0,signal_exit,0
2024-06-03T11:45:00.000000000,2024-06-04T11:45:00.000000000,1,4,21664.0,21396.0,-53972.240000000005,372.24,400.0,signal_exit,0
2024-06-04T16:00:00.000000000,2024-06-05T11:45:00.000000000,-1,4,21240.0,21416.0,-35570.623999999996,370.624,400.0,signal_exit,0
2024-06-06T12:45:00.000000000,2024-06-11T18:00:00.000000000,1,4,21917.0,21684.0,-46974.403999999995,374.404,400.0,signal_exit,0
2024-06-12T12:45:00.000000000,2024-06-18T13:35:00.000000000,1,4,22001.0,22787.0,156820.84800000003,379.152,400.0,roll_blackout,0
2024-06-20T08:45:00.000000000,2024-06-21T17:00:00.000000000,1,4,23154.0,22936.0,-43984.36,384.36,400.0,signal_exit,0
2024-06-26T10:45:00.000000000,2024-06-26T20:00:00.000000000,1,4,22974.0,22762.0,-42782.944,382.944,400.0,signal_exit,0
2024-07-01T11:45:00.000000000,2024-07-01T23:00:00.000000000,1,4,23097.0,22829.0,-53983.704,383.704,400.0,signal_exit,0
2024-07-03T00:00:00.000000000,2024-07-12T10:45:00.000000000,1,4,22951.0,23942.0,197812.428,387.572,400.0,signal_exit,0
2024-07-13T00:00:00.000000000,2024-07-15T08:45:00.000000000,1,4,24080.0,24090.0,1607.3200000000002,392.68,400.0,signal_exit,0
2024-07-18T08:45:00.000000000,2024-07-23T20:00:00.000000000,-1,4,23293.0,22847.0,88815.43999999999,384.56000000000006,400.0,signal_exit,0
2024-07-23T23:00:00.000000000,2024-07-24T01:00:00.000000000,-1,4,22714.0,22757.0,-8981.884,381.884,400.0,signal_exit,0
2024-07-26T08:45:00.000000000,2024-07-30T21:00:00.000000000,-1,4,22027.0,22288.0,-52577.26,377.26,400.0,signal_exit,0
2024-07-30T23:00:00.000000000,2024-07-31T11:45:00.000000000,-1,4,22001.0,22282.0,-56577.132,377.13200000000006,400.0,signal_exit,0
2024-08-02T01:00:00.000000000,2024-08-07T10:45:00.000000000,-1,4,22184.0,21202.0,196026.456,373.544,400.0,signal_exit,0
2024-08-14T16:00:00.000000000,2024-08-15T16:00:00.000000000,1,4,22037.0,21876.0,-32575.652,375.652,400.0,signal_exit,0
2024-08-16T15:00:00.000000000,2024-08-20T13:35:00.000000000,1,4,22369.0,22428.0,11420.812,379.188,400.0,roll_blackout,0
2024-08-26T08:45:00.000000000,2024-08-27T00:00:00.000000000,1,4,22231.0,22063.0,-33977.176,377.176,400.0,signal_exit,0
2024-08-29T10:45:00.000000000,2024-08-29T17:00:00.000000000,-1,4,22100.0,22298.0,-39977.592,377.592,400.0,signal_exit,0
2024-08-29T19:00:00.000000000,2024-08-31T00:00:00.000000000,1,4,22326.0,22180.0,-29578.024,378.024,400.0,signal_exit,0
2024-08-31T02:00:00.000000000,2024-09-10T01:00:00.000000000,-1,4,22163.0,21299.0,172426.152,373.848,400.0,signal_exit,0
2024-09-10T10:45:00.000000000,2024-09-11T04:00:00.000000000,-1,5,21171.0,21154.0,3788.375,461.625,500.0,signal_exit,0
2024-09-11T12:45:00.000000000,2024-09-11T17:00:00.000000000,-1,5,21052.0,21143.0,-23210.975,460.975,500.0,signal_exit,0
2024-09-19T15:00:00.000000000,2024-09-27T16:00:00.000000000,1,4,22100.0,22761.0,131820.556,379.444,400.0,signal_exit,0
2024-10-11T10:45:00.000000000,2024-10-15T13:35:00.000000000,1,4,23023.0,23248.0,44614.916000000005,385.08400000000006,400.0,roll_blackout,0
2024-10-17T08:45:00.000000000,2024-10-17T10:45:00.000000000,1,4,23143.0,23051.0,-18784.776,384.776,400.0,signal_exit,0
2024-10-17T12:45:00.000000000,2024-10-21T19:00:00.000000000,1,4,23181.0,23494.0,62213.3,386.7,400.0,signal_exit,0
2024-10-22T08:45:00.000000000,2024-10-22T10:45:00.000000000,1,4,23561.0,23470.0,-18588.124,388.124,400.0,signal_exit,0
2024-10-25T17:00:00.000000000,2024-10-28T11:45:00.000000000,1,4,23546.0,23309.0,-47787.42,387.42,400.0,signal_exit,0
2024-10-29T10:45:00.000000000,2024-11-01T23:00:00.000000000,-1,4,22765.0,22934.0,-34182.795999999995,382.796,400.0,signal_exit,0
2024-11-02T01:00:00.000000000,2024-11-04T12:45:00.000000000,-1,4,22897.0,22996.0,-20183.572,383.572,400.0,signal_exit,0
2024-11-05T02:00:00.000000000,2024-11-05T10:45:00.000000000,-1,4,22871.0,22982.0,-22583.412,383.412,400.0,signal_exit,0
2024-11-07T22:00:00.000000000,2024-11-11T10:45:00.000000000,1,4,23614.0,23423.0,-38588.148,388.148,400.0,signal_exit,0
2024-11-12T17:00:00.000000000,2024-11-15T21:00:00.000000000,-1,4,22874.0,22823.0,9817.212,382.788,400.0,signal_exit,0
2024-11-16T00:00:00.000000000,2024-11-19T10:45:00.000000000,-1,4,22610.0,22757.0,-29781.467999999997,381.468,400.0,signal_exit,0
2024-11-21T08:45:00.000000000,2024-11-22T03:00:00.000000000,-1,4,22646.0,22828.0,-36781.896,381.896,400.0,signal_exit,0
2024-11-26T10:45:00.000000000,2024-11-30T00:00:00.000000000,-1,4,22729.0,22512.0,43019.036,380.964,400.0,signal_exit,0
2024-12-02T16:00:00.000000000,2024-12-06T15:00:00.000000000,1,4,22822.0,23209.0,77015.876,384.124,400.0,signal_exit,0
2024-12-06T18:00:00.000000000,2024-12-07T01:00:00.000000000,1,4,23268.0,23216.0,-10785.936,385.936,400.0,signal_exit,0
2024-12-09T17:00:00.000000000,2024-12-10T08:45:00.000000000,1,4,23418.0,23227.0,-38586.58,386.58,400.0,signal_exit,0
2024-12-19T08:45:00.000000000,2024-12-23T10:45:00.000000000,-1,4,22746.0,23170.0,-85183.66399999999,383.664,400.0,signal_exit,0
2024-12-24T02:00:00.000000000,2024-12-26T18:00:00.000000000,1,4,23391.0,23237.0,-31186.512,386.51200000000006,400.0,signal_exit,0
2024-12-27T15:00:00.000000000,2024-12-27T23:00:00.000000000,1,4,23383.0,23202.0,-36586.34,386.34,400.0,signal_exit,0
2024-12-31T18:00:00.000000000,2025-01-03T11:45:00.000000000,-1,4,23078.0,23033.0,8615.556,384.444,400.0,signal_exit,0
2025-01-03T15:00:00.000000000,2025-01-03T21:00:00.000000000,-1,4,22976.0,23001.0,-5383.908,383.908,400.0,signal_exit,0
2025-01-06T10:45:00.000000000,2025-01-08T12:45:00.000000000,1,4,23487.0,23454.0,-6987.764,387.764,400.0,signal_exit,0
2025-01-09T16:00:00.000000000,2025-01-14T13:35:00.000000000,-1,4,23032.0,22750.0,56016.872,383.128,400.0,roll_blackout,0
2025-01-17T22:00:00.000000000,2025-02-03T10:45:00.000000000,1,4,23309.0,22586.0,-144983.58000000002,383.58,400.0,signal_exit,0
2025-02-03T10:45:00.000000000,2025-02-05T10:45:00.000000000,-1,4,22586.0,23237.0,-130583.292,383.292,400.0,signal_exit,0
2025-02-06T16:00:00.000000000,2025-02-08T02:00:00.000000000,1,4,23269.0,23261.0,-1986.12,386.12,400.0,signal_exit,0
2025-02-12T01:00:00.000000000,2025-02-12T12:45:00.000000000,1,4,23408.0,23339.0,-14186.988,386.988,400.0,signal_exit,0
2025-02-12T17:00:00.000000000,2025-02-12T23:00:00.000000000,1,4,23383.0,23260.0,-24986.572,386.572,400.0,signal_exit,0
2025-02-13T03:00:00.000000000,2025-02-13T18:00:00.000000000,1,4,23385.0,23315.0,-14386.8,386.8,400.0,signal_exit,0
2025-02-14T10:45:00.000000000,2025-02-17T09:45:00.000000000,-1,4,23229.0,23441.0,-42786.68,386.68,400.0,signal_exit,0
2025-02-17T22:00:00.000000000,2025-02-18T13:35:00.000000000,1,4,23537.0,23653.0,22811.24,388.7600000000001,400.0,roll_blackout,0
2025-02-20T18:00:00.000000000,2025-02-21T00:00:00.000000000,1,4,23611.0,23481.0,-26388.368,388.36800000000005,400.0,signal_exit,0
2025-02-21T10:45:00.000000000,2025-02-22T03:00:00.000000000,1,4,23702.0,23513.0,-38188.86,388.86,400.0,signal_exit,0
2025-02-25T17:00:00.000000000,2025-02-26T17:00:00.000000000,-1,4,23165.0,23438.0,-54986.412,386.412,400.0,signal_exit,0
2025-02-27T04:00:00.000000000,2025-02-27T09:45:00.000000000,-1,4,23360.0,23362.0,-786.888,386.888,400.0,signal_exit,0
2025-02-27T11:45:00.000000000,2025-03-05T10:45:00.000000000,-1,4,23173.0,22831.0,68015.98400000001,384.016,400.0,signal_exit,0
2025-03-06T17:00:00.000000000,2025-03-12T11:45:00.000000000,-1,4,22618.0,22277.0,67820.42000000001,379.58,400.0,signal_exit,0
2025-03-12T15:00:00.000000000,2025-03-12T17:00:00.000000000,-1,4,22189.0,22274.0,-17377.852000000003,377.852,400.0,signal_exit,0
2025-03-13T12:45:00.000000000,2025-03-14T23:00:00.000000000,-1,4,22010.0,22131.0,-24576.564,376.564,400.0,signal_exit,0
2025-03-21T16:00:00.000000000,2025-03-24T08:45:00.000000000,-1,4,22128.0,22303.0,-35377.724,377.724,400.0,signal_exit,0
2025-03-25T16:00:00.000000000,2025-03-26T18:00:00.000000000,1,4,22332.0,22225.0,-21778.228000000003,378.228,400.0,signal_exit,0
2025-03-26T23:00:00.000000000,2025-04-02T01:00:00.000000000,-1,4,22152.0,21320.0,166026.112,373.888,400.0,signal_exit,0
2025-04-07T09:46:00.000000000,2025-04-10T03:00:00.000000000,-1,5,19166.0,18903.0,65309.655,440.345,500.0,signal_exit,0
2025-04-22T00:00:00.000000000,2025-04-23T10:45:00.000000000,-1,5,18790.0,19503.0,-178691.46500000003,441.465,500.0,signal_exit,0
2025-04-23T11:45:00.000000000,2025-04-30T22:00:00.000000000,1,5,19502.0,19937.0,108302.805,447.1950000000001,500.0,signal_exit,0
2025-05-01T01:00:00.000000000,2025-05-05T18:00:00.000000000,1,5,20080.0,20278.0,49048.21,451.79,500.0,signal_exit,0
2025-05-06T11:45:00.000000000,2025-05-06T16:00:00.000000000,1,5,20463.0,20310.0,-38703.865000000005,453.865,500.0,signal_exit,0
2025-05-07T20:00:00.000000000,2025-05-08T00:00:00.000000000,1,5,20482.0,20377.0,-26704.295,454.295,500.0,signal_exit,0
2025-05-08T04:00:00.000000000,2025-05-19T10:45:00.000000000,1,5,20496.0,21696.0,299539.04000000004,460.96,500.0,signal_exit,0
2025-05-20T08:45:00.000000000,2025-05-20T10:45:00.000000000,1,5,21754.0,21619.0,-34216.865,466.865,500.0,signal_exit,0
2025-05-27T20:00:00.000000000,2025-05-28T02:00:00.000000000,-1,5,21285.0,21407.0,-30963.46,463.4599999999999,500.0,signal_exit,0
2025-05-28T12:45:00.000000000,2025-05-29T09:45:00.000000000,-1,5,21194.0,21425.0,-58213.095,463.095,500.0,signal_exit,0
2025-05-29T17:00:00.000000000,2025-06-03T20:00:00.000000000,-1,5,21222.0,21107.0,28288.355,461.645,500.0,signal_exit,0
2025-06-04T10:45:00.000000000,2025-06-12T20:00:00.000000000,1,4,21509.0,22137.0,125225.416,374.584,400.0,signal_exit,0
2025-06-12T22:00:00.000000000,2025-06-13T10:45:00.000000000,1,4,22200.0,21951.0,-50176.604,376.604,400.0,signal_exit,0
2025-06-16T23:00:00.000000000,2025-06-17T13:35:00.000000000,1,4,22233.0,22147.0,-17577.52,377.52,400.0,roll_blackout,0
2025-06-24T10:45:00.000000000,2025-06-27T11:45:00.000000000,1,4,21860.0,22024.0,32424.464,375.536,400.0,signal_exit,0
2025-06-27T15:00:00.000000000,2025-06-27T17:00:00.000000000,1,4,22087.0,22072.0,-3376.636,376.636,400.0,signal_exit,0
2025-06-27T23:00:00.000000000,2025-06-30T17:00:00.000000000,1,4,22131.0,22126.0,-1377.0279999999998,377.028,400.0,signal_exit,0
2025-07-01T08:45:00.000000000,2025-07-04T12:45:00.000000000,1,4,22198.0,22468.0,53621.336,378.664,400.0,signal_exit,0
2025-07-09T15:00:00.000000000,2025-07-14T11:45:00.000000000,1,4,22439.0,22573.0,26419.951999999997,380.048,400.0,signal_exit,0
2025-07-15T10:45:00.000000000,2025-07-15T13:35:00.000000000,1,4,22754.0,22831.0,15017.66,382.34,400.0,roll_blackout,0
2025-07-17T08:45:00.000000000,2025-07-22T11:45:00.000000000,1,4,22959.0,23067.0,21215.896,384.104,400.0,signal_exit,0
2025-07-23T11:45:00.000000000,2025-07-29T03:00:00.000000000,1,4,23214.0,23282.0,13214.016,385.984,400.0,signal_exit,0
2025-07-29T08:45:00.000000000,2025-07-29T11:45:00.000000000,1,4,23327.0,23164.0,-32985.964,385.964,400.0,signal_exit,0
2025-07-30T10:45:00.000000000,2025-07-31T04:00:00.000000000,1,4,23351.0,23287.0,-13186.552,386.552,400.0,signal_exit,0
2025-07-31T09:45:00.000000000,2025-08-01T12:45:00.000000000,1,4,23446.0,23343.0,-20987.156,387.156,400.0,signal_exit,0
2025-08-01T17:00:00.000000000,2025-08-04T22:00:00.000000000,-1,4,23178.0,23366.0,-37986.176,386.176,400.0,signal_exit,0
2025-08-04T22:00:00.000000000,2025-08-06T18:00:00.000000000,1,4,23366.0,23332.0,-7186.792,386.792,400.0,signal_exit,0
2025-08-07T01:00:00.000000000,2025-08-14T22:00:00.000000000,1,4,23381.0,24244.0,172209.5,390.5,400.0,signal_exit,0
2025-08-15T00:00:00.000000000,2025-08-15T19:00:00.000000000,1,4,24277.0,24296.0,3405.7079999999996,394.292,400.0,signal_exit,0
2025-08-18T10:45:00.000000000,2025-08-19T13:35:00.000000000,1,4,24371.0,24355.0,-3594.904,394.904,400.0,roll_blackout,0
2025-08-21T23:00:00.000000000,2025-08-23T00:00:00.000000000,-1,4,23886.0,24058.0,-34791.776000000005,391.77600000000007,400.0,signal_exit,0
2025-08-26T15:00:00.000000000,2025-08-28T15:00:00.000000000,1,4,24243.0,24267.0,4405.96,394.04,400.0,signal_exit,0
2025-08-28T23:00:00.000000000,2025-08-29T11:45:00.000000000,1,4,24405.0,24328.0,-15794.932,394.932,400.0,signal_exit,0
2025-09-02T11:45:00.000000000,2025-09-03T17:00:00.000000000,-1,4,24004.0,24101.0,-19792.42,392.42,400.0,signal_exit,0
2025-09-05T17:00:00.000000000,2025-09-15T18:00:00.000000000,1,4,24437.0,25310.0,174201.01200000002,398.988,400.0,signal_exit,0
2025-09-15T22:00:00.000000000,2025-09-16T13:35:00.000000000,1,4,25411.0,25618.0,40995.884,404.116,400.0,roll_blackout,0
2025-09-18T08:45:00.000000000,2025-09-25T15:00:00.000000000,1,4,25624.0,26064.0,87593.248,406.75200000000007,400.0,signal_exit,0
2025-09-30T21:00:00.000000000,2025-10-10T02:00:00.000000000,1,4,26008.0,27113.0,220587.516,412.484,400.0,signal_exit,0
2025-10-14T01:00:00.000000000,2025-10-14T12:45:00.000000000,1,4,27269.0,26843.0,-85616.448,416.448,400.0,signal_exit,0
2025-10-16T08:45:00.000000000,2025-10-17T16:00:00.000000000,1,4,27546.0,27105.0,-88618.60399999999,418.604,400.0,signal_exit,0
2025-10-20T09:45:00.000000000,2025-10-22T11:45:00.000000000,1,4,27780.0,27570.0,-42421.4,421.4,400.0,signal_exit,0
2025-10-22T15:00:00.000000000,2025-10-22T18:00:00.000000000,1,4,27733.0,27628.0,-21421.444,421.444,400.0,signal_exit,0
2025-10-24T00:00:00.000000000,2025-10-31T23:00:00.000000000,1,4,27708.0,28324.0,122775.872,424.128,400.0,signal_exit,0
2025-11-03T19:00:00.000000000,2025-11-04T11:45:00.000000000,1,4,28410.0,28280.0,-26426.76,426.76,400.0,signal_exit,0
2025-11-05T10:45:00.000000000,2025-11-10T11:45:00.000000000,-1,4,27604.0,27922.0,-64022.104,422.104,400.0,signal_exit,0
2025-11-11T16:00:00.000000000,2025-11-11T23:00:00.000000000,-1,4,27751.0,27848.0,-19822.396,422.396,400.0,signal_exit,0
2025-11-14T00:00:00.000000000,2025-11-18T13:35:00.000000000,-1,4,27691.0,26810.0,175781.996,418.004,400.0,roll_blackout,0
2025-11-20T08:45:00.000000000,2025-11-20T10:45:00.000000000,-1,4,27307.0,27209.0,19181.936,418.064,400.0,signal_exit,0
2025-11-21T02:00:00.000000000,2025-11-25T01:00:00.000000000,-1,4,26919.0,26915.0,384.664,415.336,400.0,signal_exit,0
2025-11-28T18:00:00.000000000,2025-12-01T11:45:00.000000000,1,4,27760.0,27507.0,-51021.068,421.068,400.0,signal_exit,0
2025-12-02T01:00:00.000000000,2025-12-02T08:45:00.000000000,1,4,27718.0,27673.0,-9421.563999999998,421.564,400.0,signal_exit,0
2025-12-02T10:45:00.000000000,2025-12-02T12:45:00.000000000,1,4,27653.0,27587.0,-13620.96,420.96,400.0,signal_exit,0
2025-12-02T18:00:00.000000000,2025-12-11T11:45:00.000000000,1,4,27704.0,28102.0,79176.776,423.2240000000001,400.0,signal_exit,0
2025-12-12T04:00:00.000000000,2025-12-12T11:45:00.000000000,1,4,28336.0,28178.0,-32026.056,426.056,400.0,signal_exit,0
2025-12-12T16:00:00.000000000,2025-12-12T19:00:00.000000000,1,4,28324.0,28243.0,-16626.268,426.268,400.0,signal_exit,0
2025-12-18T08:45:00.000000000,2025-12-19T01:00:00.000000000,-1,4,27499.0,27894.0,-79421.572,421.572,400.0,signal_exit,0
2025-12-19T08:45:00.000000000,2025-12-19T10:45:00.000000000,-1,4,27799.0,27887.0,-18022.744,422.744,400.0,signal_exit,0
2025-12-24T03:00:00.000000000,2026-01-08T08:45:00.000000000,1,4,28549.0,30361.0,361964.36,435.64,400.0,signal_exit,0
2026-01-08T10:45:00.000000000,2026-01-09T00:00:00.000000000,1,4,30490.0,30409.0,-16643.595999999998,443.596,400.0,signal_exit,0
2026-01-09T11:45:00.000000000,2026-01-09T15:00:00.000000000,1,4,30502.0,30468.0,-7243.88,443.88,400.0,signal_exit,0
2026-01-09T19:00:00.000000000,2026-01-14T20:00:00.000000000,1,4,30530.0,30796.0,52754.696,445.304,400.0,signal_exit,0
2026-01-15T15:00:00.000000000,2026-01-20T13:35:00.000000000,1,4,31183.0,31709.0,104748.432,451.568,400.0,roll_blackout,0
2026-01-22T08:45:00.000000000,2026-01-29T20:00:00.000000000,1,4,31877.0,32629.0,149941.976,458.024,400.0,signal_exit,0
2026-02-02T10:45:00.000000000,2026-02-03T03:00:00.000000000,-1,4,31631.0,32282.0,-130655.652,455.652,400.0,signal_exit,0
2026-02-03T17:00:00.000000000,2026-02-04T03:00:00.000000000,1,3,32433.0,31765.0,-100542.594,342.59400000000005,300.0,signal_exit,0
2026-02-04T12:45:00.000000000,2026-02-05T02:00:00.000000000,1,3,32441.0,31879.0,-84642.96,342.96000000000004,300.0,signal_exit,0
2026-02-05T22:00:00.000000000,2026-02-06T19:00:00.000000000,-1,3,31569.0,32147.0,-87041.148,341.148,300.0,signal_exit,0
2026-02-09T09:45:00.000000000,2026-02-11T13:35:00.000000000,1,3,32573.0,33681.0,165851.23799999998,348.762,300.0,roll_blackout,0
2026-02-24T08:45:00.000000000,2026-02-27T01:00:00.000000000,1,3,34126.0,34967.0,125792.721,357.279,300.0,signal_exit,0
2026-03-02T10:45:00.000000000,2026-03-02T16:00:00.000000000,1,3,35367.0,34864.0,-75810.693,360.693,300.0,signal_exit,0
2026-03-06T23:00:00.000000000,2026-03-10T08:45:00.000000000,-1,3,32702.0,33243.0,-81497.835,347.83500000000004,300.0,signal_exit,0
2026-03-10T12:45:00.000000000,2026-03-10T17:00:00.000000000,-1,3,32653.0,33199.0,-82247.556,347.55600000000004,300.0,signal_exit,0
2026-03-12T23:00:00.000000000,2026-03-13T22:00:00.000000000,-1,3,32730.0,33491.0,-114498.663,348.663,300.0,signal_exit,0
2026-03-14T00:00:00.000000000,2026-03-16T20:00:00.000000000,-1,3,32918.0,33468.0,-82849.158,349.158,300.0,signal_exit,0
2026-03-19T17:00:00.000000000,2026-03-23T22:00:00.000000000,-1,3,33182.0,33627.0,-67100.427,350.427,300.0,signal_exit,0
2026-03-24T22:00:00.000000000,2026-03-25T01:00:00.000000000,-1,3,32996.0,33216.0,-33348.636,348.63599999999997,300.0,signal_exit,0
2026-03-26T19:00:00.000000000,2026-04-01T02:00:00.000000000,-1,3,33339.0,32851.0,72851.43,348.57000000000005,300.0,signal_exit,0
2026-04-02T12:45:00.000000000,2026-04-03T02:00:00.000000000,-1,3,32614.0,32788.0,-26446.206,346.206,300.0,signal_exit,0
2026-04-08T09:45:00.000000000,2026-04-14T13:35:00.000000000,1,3,34741.0,36359.0,242336.7,363.3,300.0,roll_blackout,21
2026-04-16T09:45:00.000000000,2026-04-23T11:45:00.000000000,1,3,37282.0,37463.0,26775.765,374.235,300.0,signal_exit,25
2026-04-23T21:00:00.000000000,2026-04-24T03:00:00.000000000,1,3,38039.0,37963.0,-11778.006,378.006,300.0,signal_exit,0
2026-04-24T10:45:00.000000000,2026-04-29T01:00:00.000000000,1,3,38701.0,39339.0,95315.88,384.12,300.0,signal_exit,8
2026-04-29T12:45:00.000000000,2026-04-29T17:00:00.000000000,1,3,39624.0,39419.0,-31137.129,387.129,300.0,signal_exit,0
2026-04-30T18:00:00.000000000,2026-05-08T19:00:00.000000000,1,3,39709.0,41726.0,302155.695,394.305,300.0,signal_exit,24
2026-05-08T22:00:00.000000000,2026-05-11T16:00:00.000000000,1,3,42178.0,41958.0,-33402.408,402.408,300.0,signal_exit,6
2026-05-12T00:00:00.000000000,2026-05-12T10:45:00.000000000,1,3,42261.0,41920.0,-51552.543000000005,402.543,300.0,signal_exit,9
2026-05-12T12:45:00.000000000,2026-05-12T16:00:00.000000000,1,3,42231.0,41626.0,-91151.571,401.571,300.0,signal_exit,0
2026-05-14T02:00:00.000000000,2026-05-14T11:45:00.000000000,1,3,41721.0,41656.0,-10150.131,400.131,300.0,signal_exit,9
2026-05-14T17:00:00.000000000,2026-05-15T12:45:00.000000000,1,3,41892.0,41400.0,-74199.876,399.876,300.0,signal_exit,3
2026-05-22T01:00:00.000000000,2026-05-28T12:45:00.000000000,1,3,41482.0,43786.0,345194.196,405.804,300.0,signal_exit,57
2026-05-28T18:00:00.000000000,2026-05-28T20:00:00.000000000,1,3,44239.0,44192.0,-7465.293,415.293,300.0,signal_exit,0
2026-05-28T22:00:00.000000000,2026-06-04T16:00:00.000000000,1,2,44363.0,46282.0,191618.71,281.29,200.0,signal_exit,14
2026-06-05T03:00:00.000000000,2026-06-05T09:45:00.000000000,1,2,46480.0,45201.0,-128183.362,283.36199999999997,200.0,signal_exit,0
2026-06-10T01:00:00.000000000,2026-06-12T03:00:00.000000000,-1,3,42891.0,44285.0,-209511.528,411.528,300.0,signal_exit,1
2026-06-15T21:00:00.000000000,2026-06-16T13:35:00.000000000,1,2,46078.0,45762.0,-31883.68,283.68,200.0,roll_blackout,8
2026-06-18T23:00:00.000000000,2026-06-23T17:00:00.000000000,1,2,47264.0,46304.0,-96287.136,287.136,200.0,signal_exit,10
2026-07-02T10:45:00.000000000,2026-07-02T17:00:00.000000000,1,2,46875.0,46347.0,-53086.444,286.444,200.0,signal_exit,0
2026-07-02T22:00:00.000000000,2026-07-03T00:00:00.000000000,1,2,47200.0,46319.0,-88387.038,287.038,200.0,signal_exit,0
2026-07-03T02:00:00.000000000,2026-07-03T15:00:00.000000000,-1,2,45328.0,47031.0,-170584.718,284.718,200.0,signal_exit,1
2026-07-03T15:00:00.000000000,2026-07-07T11:45:00.000000000,1,2,47031.0,46120.0,-91386.302,286.302,200.0,signal_exit,33
2026-07-08T18:00:00.000000000,2026-07-09T21:00:00.000000000,-1,2,44763.0,46146.0,-138581.818,281.818,200.0,signal_exit,0
2026-07-13T12:45:00.000000000,2026-07-13T18:00:00.000000000,-1,2,45441.0,45799.0,-36082.48,282.48,200.0,signal_exit,0
2026-07-13T23:00:00.000000000,2026-07-14T13:35:00.000000000,-1,2,45686.0,44828.0,85518.972,281.028,200.0,roll_blackout,0
2026-07-16T17:00:00.000000000,2026-07-21T11:45:00.000000000,-1,2,44990.0,44163.0,82421.694,278.30600000000004,200.0,signal_exit,10
2026-07-23T22:00:00.000000000,2026-07-24T09:45:00.000000000,-1,2,44279.0,44456.0,-17977.47,277.47,200.0,signal_exit,2
2026-07-24T11:45:00.000000000,2026-07-30T23:00:00.000000000,-1,2,43897.0,41573.0,232129.06,270.94000000000005,200.0,signal_exit,6
2026-08-04T20:00:00.000000000,2026-08-15T01:00:00.000000000,1,2,43946.0,45635.0,168620.83800000002,279.16200000000003,200.0,signal_exit,66
2026-08-17T10:45:00.000000000,2026-08-18T10:45:00.000000000,1,2,45999.0,45348.0,-65382.694,282.694,200.0,signal_exit,13
2026-08-24T23:00:00.000000000,2026-08-25T17:00:00.000000000,-1,2,44379.0,45202.0,-82579.162,279.16200000000003,200.0,signal_exit,13
2026-08-27T10:45:00.000000000,2026-08-31T10:45:00.000000000,1,2,46386.0,45480.0,-90883.732,283.73199999999997,200.0,signal_exit,20
2026-08-31T21:00:00.000000000,2026-09-02T10:45:00.000000000,1,2,46018.0,46320.0,29915.324,284.676,200.0,signal_exit,13
2026-09-04T01:00:00.000000000,2026-09-04T10:45:00.000000000,1,2,46380.0,46221.0,-16185.202,285.202,200.0,signal_exit,6
2026-09-04T15:00:00.000000000,2026-09-09T13:44:00.000000000,1,2,46623.0,47186.0,56012.382,287.61800000000005,200.0,period_end,90
